slice_file_name,fsID,start,end,salience,fold,classID,class
100032-3-0-0.wav,100032,0.0,0.317551,1,5,3,dog_bark
100652-3-0-0.wav,100652,0.0,4.0,1,2,3,dog_bark
100652-3-0-1.wav,100652,0.5,4.5,1,2,3,dog_bark
100652-3-0-2.wav,100652,1.0,5.0,1,2,3,dog_bark
100652-3-0-3.wav,100652,1.5,5.5,1,2,3,dog_bark
100795-3-0-0.wav,100795,0.19179,4.19179,1,10,3,dog_bark
100795-3-1-0.wav,100795,13.059155,17.059155,1,10,3,dog_bark
100795-3-1-1.wav,100795,13.559155,17.559155,1,10,3,dog_bark
100795-3-1-2.wav,100795,14.059155,18.059155,1,10,3,dog_bark
101281-3-0-0.wav,101281,0.341333,4.341333,2,6,3,dog_bark
101281-3-0-14.wav,101281,7.341333,11.341332999999999,2,6,3,dog_bark
101281-3-0-5.wav,101281,2.841333,6.8413330000000006,2,6,3,dog_bark
101415-3-0-2.wav,101415,1.0,5.0,1,1,3,dog_bark
101415-3-0-3.wav,101415,1.5,5.5,1,1,3,dog_bark
101415-3-0-8.wav,101415,4.0,8.0,1,1,3,dog_bark
102102-3-0-0.wav,102102,1.573952,4.673824,2,4,3,dog_bark
102103-3-0-0.wav,102103,1.97603,2.508892,2,10,3,dog_bark
102103-3-1-0.wav,102103,4.179637,4.568182,2,10,3,dog_bark
102104-3-0-0.wav,102104,2.429279,3.241121,2,2,3,dog_bark
102105-3-0-0.wav,102105,2.041889,6.041888999999999,2,3,3,dog_bark
102106-3-0-0.wav,102106,2.243852,3.884477,2,1,3,dog_bark
102547-3-0-2.wav,102547,1.0,5.0,1,5,3,dog_bark
102547-3-0-7.wav,102547,3.5,7.5,1,5,3,dog_bark
102547-3-0-8.wav,102547,4.0,8.0,1,5,3,dog_bark
102842-3-0-1.wav,102842,0.5,4.5,2,1,3,dog_bark
102842-3-1-0.wav,102842,113.061785,117.061785,2,1,3,dog_bark
102842-3-1-5.wav,102842,115.561785,119.561785,2,1,3,dog_bark
102842-3-1-6.wav,102842,116.061785,120.061785,2,1,3,dog_bark
103076-3-0-0.wav,103076,0.0,2.527184,1,8,3,dog_bark
103076-3-1-0.wav,103076,6.788349,7.756796,1,8,3,dog_bark
103076-3-2-0.wav,103076,10.265534,10.717475,1,8,3,dog_bark
105088-3-0-10.wav,105088,5.0,9.0,1,9,3,dog_bark
105088-3-0-11.wav,105088,5.5,9.5,1,9,3,dog_bark
105088-3-0-19.wav,105088,9.5,13.5,1,9,3,dog_bark
105088-3-0-8.wav,105088,4.0,8.0,1,9,3,dog_bark
105319-3-0-22.wav,105319,11.0,15.0,2,6,3,dog_bark
105319-3-0-29.wav,105319,14.5,18.5,2,6,3,dog_bark
105319-3-0-39.wav,105319,19.5,23.5,2,6,3,dog_bark
107190-3-0-0.wav,107190,0.0,0.794875,1,8,3,dog_bark
108187-3-2-0.wav,108187,15.751454,16.246588,2,2,3,dog_bark
108187-3-3-0.wav,108187,18.010504,19.093609,2,2,3,dog_bark
108187-3-4-0.wav,108187,24.911435,26.304,2,2,3,dog_bark
108187-3-6-0.wav,108187,31.5648,33.266824,2,2,3,dog_bark
109233-3-0-3.wav,109233,16.952386,20.952386,1,6,3,dog_bark
109233-3-0-4.wav,109233,17.452386,21.452386,1,6,3,dog_bark
109233-3-0-5.wav,109233,17.952386,21.952386,1,6,3,dog_bark
109233-3-0-6.wav,109233,18.452386,22.452386,1,6,3,dog_bark
109711-3-1-0.wav,109711,3.332443,5.69896,1,4,3,dog_bark
109711-3-2-4.wav,109711,14.001624,18.001624,1,4,3,dog_bark
109711-3-2-6.wav,109711,15.001624,19.001624,1,4,3,dog_bark
110134-3-0-0.wav,110134,0.0,1.130113,1,8,3,dog_bark
110371-3-0-1.wav,110371,0.790852,4.790852,1,5,3,dog_bark
110371-3-1-0.wav,110371,15.269745,19.269745,1,5,3,dog_bark
110371-3-1-1.wav,110371,15.769745,19.769745,1,5,3,dog_bark
110389-3-0-0.wav,110389,0.0,0.552041,1,9,3,dog_bark
110688-3-0-11.wav,110688,5.5,9.5,2,8,3,dog_bark
110688-3-0-17.wav,110688,8.5,12.5,2,8,3,dog_bark
110688-3-0-2.wav,110688,1.0,5.0,2,8,3,dog_bark
110688-3-0-32.wav,110688,16.0,20.0,2,8,3,dog_bark
110918-3-0-1.wav,110918,0.5,4.5,1,7,3,dog_bark
110918-3-0-26.wav,110918,13.0,17.0,1,7,3,dog_bark
110918-3-0-40.wav,110918,20.0,24.0,1,7,3,dog_bark
110918-3-0-9.wav,110918,4.5,8.5,1,7,3,dog_bark
112195-3-0-38.wav,112195,19.0,23.0,1,2,3,dog_bark
112195-3-0-48.wav,112195,24.0,28.0,1,2,3,dog_bark
112195-3-0-57.wav,112195,28.5,32.5,1,2,3,dog_bark
112195-3-0-80.wav,112195,40.0,44.0,1,2,3,dog_bark
113785-3-0-0.wav,113785,0.259572,0.703092,1,2,3,dog_bark
113785-3-1-0.wav,113785,0.991278,1.592177,1,2,3,dog_bark
114280-3-0-0.wav,114280,0.0,4.0,1,8,3,dog_bark
114280-3-0-1.wav,114280,0.5,4.5,1,8,3,dog_bark
114587-3-0-2.wav,114587,2.467612,6.467612,1,1,3,dog_bark
114587-3-0-4.wav,114587,3.467612,7.467612,1,1,3,dog_bark
114587-3-0-5.wav,114587,3.967612,7.967612,1,1,3,dog_bark
114587-3-0-7.wav,114587,4.967612,8.967611999999999,1,1,3,dog_bark
115411-3-0-0.wav,115411,4.352579,5.374102,2,7,3,dog_bark
115411-3-2-0.wav,115411,15.322853,18.9426,2,7,3,dog_bark
115411-3-3-0.wav,115411,23.161936,27.161936,2,7,3,dog_bark
115535-3-0-0.wav,115535,0.0,0.490667,1,4,3,dog_bark
115536-3-0-0.wav,115536,0.0,2.964396,1,3,3,dog_bark
115537-3-0-0.wav,115537,1.665407,2.340997,1,2,3,dog_bark
116163-3-0-0.wav,116163,0.764195,1.036249,2,5,3,dog_bark
116163-3-1-0.wav,116163,1.351097,1.757649,2,5,3,dog_bark
116163-3-2-0.wav,116163,2.139747,3.258529,1,5,3,dog_bark
116400-3-0-2.wav,116400,1.0,5.0,1,3,3,dog_bark
116400-3-1-0.wav,116400,12.269801,16.269801,1,3,3,dog_bark
116400-3-1-1.wav,116400,12.769801,16.769801,1,3,3,dog_bark
116400-3-1-2.wav,116400,13.269801,17.269801,1,3,3,dog_bark
116483-3-0-1.wav,116483,0.5,4.5,1,9,3,dog_bark
116483-3-0-2.wav,116483,1.0,5.0,1,9,3,dog_bark
116483-3-1-0.wav,116483,17.555333,21.555333,1,9,3,dog_bark
116483-3-1-2.wav,116483,18.555333,22.555333,1,9,3,dog_bark
116484-3-0-12.wav,116484,6.0,10.0,1,4,3,dog_bark
116484-3-0-16.wav,116484,8.0,12.0,1,4,3,dog_bark
116484-3-0-6.wav,116484,3.0,7.0,1,4,3,dog_bark
116484-3-0-8.wav,116484,4.0,8.0,1,4,3,dog_bark
116485-3-0-4.wav,116485,2.0,6.0,1,7,3,dog_bark
116485-3-0-6.wav,116485,3.0,7.0,1,7,3,dog_bark
116485-3-2-0.wav,116485,27.595083,31.595083,1,7,3,dog_bark
116485-3-2-4.wav,116485,29.595083,33.595083,1,7,3,dog_bark
117048-3-0-17.wav,117048,8.5,12.5,1,3,3,dog_bark
117048-3-0-23.wav,117048,11.5,15.5,1,3,3,dog_bark
117048-3-0-25.wav,117048,12.5,16.5,1,3,3,dog_bark
117048-3-0-35.wav,117048,17.5,21.5,1,3,3,dog_bark
117072-3-0-11.wav,117072,6.828188,10.828188,1,3,3,dog_bark
117072-3-0-14.wav,117072,8.328188,12.328188,1,3,3,dog_bark
117072-3-0-19.wav,117072,10.828188,14.828188,1,3,3,dog_bark
117072-3-0-8.wav,117072,5.328188,9.328188,1,3,3,dog_bark
11722-3-0-0.wav,11722,0.087343,1.345883,1,10,3,dog_bark
11722-3-1-0.wav,11722,2.02081,2.459512,1,10,3,dog_bark
117271-3-0-0.wav,117271,0.0,4.0,1,6,3,dog_bark
117271-3-0-1.wav,117271,0.5,4.5,1,6,3,dog_bark
117271-3-0-2.wav,117271,1.0,5.0,1,6,3,dog_bark
117271-3-0-3.wav,117271,1.5,5.5,1,6,3,dog_bark
118072-3-0-0.wav,118072,0.0,1.066667,1,6,3,dog_bark
118101-3-0-0.wav,118101,1.042871,5.042871,1,1,3,dog_bark
118101-3-0-3.wav,118101,2.542871,6.542871,1,1,3,dog_bark
118101-3-0-4.wav,118101,3.042871,7.042871,1,1,3,dog_bark
118101-3-0-6.wav,118101,4.042871,8.042871,1,1,3,dog_bark
118587-3-0-2.wav,118587,1.0,5.0,1,7,3,dog_bark
118587-3-0-21.wav,118587,10.5,14.5,1,7,3,dog_bark
118587-3-0-6.wav,118587,3.0,7.0,1,7,3,dog_bark
118961-3-0-0.wav,118961,0.0,0.770312,1,3,3,dog_bark
118962-3-0-0.wav,118962,0.0,2.129854,1,2,3,dog_bark
118963-3-0-0.wav,118963,0.0,0.519479,1,1,3,dog_bark
118964-3-0-0.wav,118964,0.0,1.103896,1,4,3,dog_bark
119420-3-0-0.wav,119420,0.182207,3.17482,1,9,3,dog_bark
119420-3-1-0.wav,119420,4.919591,6.752704,1,9,3,dog_bark
121888-3-0-0.wav,121888,0.0,0.749977,1,4,3,dog_bark
122199-3-1-1.wav,122199,15.147059,19.147059,2,8,3,dog_bark
122199-3-1-2.wav,122199,15.647059,19.647059,2,8,3,dog_bark
122199-3-1-3.wav,122199,16.147059,20.147059,2,8,3,dog_bark
122199-3-1-6.wav,122199,17.647059,21.647059,2,8,3,dog_bark
125523-3-0-1.wav,125523,0.5,4.5,1,3,3,dog_bark
125523-3-0-11.wav,125523,5.5,9.5,1,3,3,dog_bark
125523-3-0-3.wav,125523,1.5,5.5,1,3,3,dog_bark
125554-3-0-0.wav,125554,0.572068,2.220842,1,6,3,dog_bark
125574-3-0-0.wav,125574,0.0,1.45068,1,6,3,dog_bark
125791-3-0-12.wav,125791,6.0,10.0,1,1,3,dog_bark
125791-3-0-13.wav,125791,6.5,10.5,1,1,3,dog_bark
125791-3-0-15.wav,125791,7.5,11.5,1,1,3,dog_bark
125791-3-0-9.wav,125791,4.5,8.5,1,1,3,dog_bark
12647-3-0-0.wav,12647,0.712115,1.443739,1,3,3,dog_bark
12647-3-1-0.wav,12647,1.902224,3.102089,1,3,3,dog_bark
12647-3-2-0.wav,12647,5.238432,6.438297,1,3,3,dog_bark
12647-3-3-0.wav,12647,6.682172,10.682172,1,3,3,dog_bark
126521-3-0-12.wav,126521,8.321995,12.321995,2,5,3,dog_bark
126521-3-0-17.wav,126521,10.821995,14.821995,2,5,3,dog_bark
126521-3-0-18.wav,126521,11.321995,15.321995,2,5,3,dog_bark
126521-3-0-2.wav,126521,3.321995,7.321994999999999,2,5,3,dog_bark
128030-3-0-0.wav,128030,0.672951,1.359227,1,3,3,dog_bark
128030-3-1-0.wav,128030,3.851144,4.430814,1,3,3,dog_bark
128030-3-2-0.wav,128030,6.562935,7.08264,1,3,3,dog_bark
128240-3-0-1.wav,128240,0.5,4.5,1,10,3,dog_bark
128240-3-0-20.wav,128240,10.0,14.0,1,10,3,dog_bark
128240-3-0-39.wav,128240,19.5,23.5,1,10,3,dog_bark
128240-3-0-42.wav,128240,21.0,25.0,1,10,3,dog_bark
128470-3-0-0.wav,128470,1.711988,5.711988,1,10,3,dog_bark
128470-3-0-1.wav,128470,2.211988,6.211988,1,10,3,dog_bark
128470-3-0-5.wav,128470,4.211988,8.211988,1,10,3,dog_bark
128470-3-0-8.wav,128470,5.711988,9.711988,1,10,3,dog_bark
128891-3-0-2.wav,128891,1.0,5.0,1,6,3,dog_bark
128891-3-0-4.wav,128891,2.0,6.0,1,6,3,dog_bark
128891-3-0-5.wav,128891,2.5,6.5,1,6,3,dog_bark
130030-3-0-0.wav,130030,0.0,2.594667,1,1,3,dog_bark
131199-3-0-0.wav,131199,0.696078,0.990196,1,5,3,dog_bark
13577-3-0-0.wav,13577,2.313777,6.313777,2,5,3,dog_bark
13577-3-0-2.wav,13577,3.313777,7.313777,2,5,3,dog_bark
13577-3-5-0.wav,13577,54.781414,58.781414,2,5,3,dog_bark
137803-3-0-0.wav,137803,0.0,4.0,1,9,3,dog_bark
137803-3-0-1.wav,137803,0.5,4.5,1,9,3,dog_bark
137803-3-0-2.wav,137803,1.0,5.0,1,9,3,dog_bark
138015-3-0-1.wav,138015,0.5,4.5,1,1,3,dog_bark
138015-3-0-5.wav,138015,2.5,6.5,1,1,3,dog_bark
138015-3-0-7.wav,138015,3.5,7.5,1,1,3,dog_bark
139948-3-0-0.wav,139948,1.066204,4.182799,2,5,3,dog_bark
139948-3-1-0.wav,139948,5.946136,8.939708,2,5,3,dog_bark
139948-3-2-0.wav,139948,13.081499,14.39375,2,5,3,dog_bark
139948-3-4-0.wav,139948,28.131374,29.361609,2,5,3,dog_bark
142641-3-0-0.wav,142641,1.779107,2.162404,1,10,3,dog_bark
14358-3-0-26.wav,14358,13.0,17.0,2,6,3,dog_bark
14358-3-0-7.wav,14358,3.5,7.5,2,6,3,dog_bark
14358-3-0-85.wav,14358,42.5,46.5,2,6,3,dog_bark
14358-3-0-90.wav,14358,45.0,49.0,2,6,3,dog_bark
144028-3-0-0.wav,144028,0.0,1.799509,1,8,3,dog_bark
144028-3-1-0.wav,144028,4.918658,8.918658,1,8,3,dog_bark
144028-3-1-1.wav,144028,5.418658,9.418658,1,8,3,dog_bark
14468-3-0-2.wav,14468,1.8375569999999999,5.837557,1,10,3,dog_bark
14468-3-0-3.wav,14468,2.337557,6.337557,1,10,3,dog_bark
14468-3-1-0.wav,14468,24.027429,26.173669,1,10,3,dog_bark
14468-3-5-0.wav,14468,54.127148,58.127148,1,10,3,dog_bark
144885-3-0-0.wav,144885,0.0,0.261224,1,3,3,dog_bark
146343-3-0-0.wav,146343,0.0,4.0,1,8,3,dog_bark
147672-3-0-0.wav,147672,0.644886,0.997283,1,2,3,dog_bark
147672-3-1-0.wav,147672,1.726745,2.188385,1,2,3,dog_bark
147672-3-2-0.wav,147672,3.781219,4.161808,1,2,3,dog_bark
150341-3-0-0.wav,150341,12.834011,13.322652,1,1,3,dog_bark
150341-3-1-0.wav,150341,15.377819,15.823344,1,1,3,dog_bark
152588-3-0-0.wav,152588,0.386897,2.805001,1,9,3,dog_bark
152588-3-1-0.wav,152588,5.464916,9.464915999999999,1,9,3,dog_bark
152588-3-2-0.wav,152588,15.645137,17.893974,1,9,3,dog_bark
152588-3-3-0.wav,152588,19.65919,22.464192,1,9,3,dog_bark
155294-3-0-0.wav,155294,0.0,2.680454,2,8,3,dog_bark
155299-3-0-1.wav,155299,0.5,4.5,2,7,3,dog_bark
155299-3-1-0.wav,155299,8.526258,12.526258,2,7,3,dog_bark
155299-3-1-1.wav,155299,9.026258,13.026258,2,7,3,dog_bark
155299-3-1-2.wav,155299,9.526258,13.526258,2,7,3,dog_bark
155309-3-0-0.wav,155309,0.0,1.219048,1,3,3,dog_bark
155310-3-0-0.wav,155310,0.0,2.774785,1,1,3,dog_bark
155311-3-0-0.wav,155311,0.0,3.691973,1,10,3,dog_bark
155312-3-0-0.wav,155312,0.0,4.0,1,9,3,dog_bark
155313-3-0-0.wav,155313,2.249546,3.021266,1,8,3,dog_bark
155314-3-0-1.wav,155314,0.5,4.5,1,7,3,dog_bark
155314-3-0-2.wav,155314,1.0,5.0,1,7,3,dog_bark
155314-3-0-5.wav,155314,2.5,6.5,1,7,3,dog_bark
155315-3-0-0.wav,155315,0.0,4.0,1,7,3,dog_bark
155317-3-0-0.wav,155317,3.031264,7.031264,1,6,3,dog_bark
155320-3-0-0.wav,155320,0.084222,1.224028,1,4,3,dog_bark
155488-3-0-6.wav,155488,34.470139,38.470139,2,6,3,dog_bark
155488-3-2-0.wav,155488,99.268224,103.268224,2,6,3,dog_bark
155488-3-3-0.wav,155488,147.423873,151.423873,2,6,3,dog_bark
155488-3-3-1.wav,155488,147.923873,151.923873,2,6,3,dog_bark
156418-3-0-0.wav,156418,0.0,4.0,1,3,3,dog_bark
156418-3-0-1.wav,156418,0.5,4.5,1,3,3,dog_bark
156418-3-1-0.wav,156418,8.43488,12.43488,1,3,3,dog_bark
156418-3-2-0.wav,156418,15.852218,16.85637,1,3,3,dog_bark
157322-3-0-3.wav,157322,1.5,5.5,1,6,3,dog_bark
157322-3-0-4.wav,157322,2.0,6.0,1,6,3,dog_bark
157322-3-0-5.wav,157322,2.5,6.5,1,6,3,dog_bark
157322-3-0-6.wav,157322,3.0,7.0,1,6,3,dog_bark
157649-3-0-0.wav,157649,0.312331,4.312331,2,8,3,dog_bark
157649-3-0-1.wav,157649,0.812331,4.812331,2,8,3,dog_bark
157649-3-1-1.wav,157649,14.71108,18.711080000000003,2,8,3,dog_bark
157649-3-2-0.wav,157649,23.8413,27.8413,2,8,3,dog_bark
157695-3-0-19.wav,157695,9.5,13.5,1,4,3,dog_bark
157695-3-0-2.wav,157695,1.0,5.0,1,4,3,dog_bark
157695-3-0-27.wav,157695,13.5,17.5,1,4,3,dog_bark
157695-3-0-8.wav,157695,4.0,8.0,1,4,3,dog_bark
157950-3-0-0.wav,157950,0.0,1.410045,1,7,3,dog_bark
158607-3-0-0.wav,158607,0.115242,1.131463,2,2,3,dog_bark
158607-3-1-0.wav,158607,5.835416,8.213584,1,2,3,dog_bark
158607-3-2-0.wav,158607,11.16796,13.21088,1,2,3,dog_bark
159176-3-0-0.wav,159176,0.0,1.184218,1,4,3,dog_bark
159726-3-0-0.wav,159726,1.237472,2.324186,2,9,3,dog_bark
159726-3-1-0.wav,159726,2.606858,4.466207,2,9,3,dog_bark
160092-3-0-0.wav,160092,0.013784,0.142207,1,2,3,dog_bark
160093-3-0-0.wav,160093,0.015691,0.135517,1,3,3,dog_bark
160094-3-0-0.wav,160094,0.120695,0.313453,1,1,3,dog_bark
160366-3-0-13.wav,160366,6.5,10.5,1,2,3,dog_bark
160366-3-0-4.wav,160366,2.0,6.0,1,2,3,dog_bark
160366-3-0-7.wav,160366,3.5,7.5,1,2,3,dog_bark
160366-3-0-8.wav,160366,4.0,8.0,1,2,3,dog_bark
160575-3-0-0.wav,160575,1.351494,2.38668,2,6,3,dog_bark
160575-3-1-0.wav,160575,3.450622,4.514564,2,6,3,dog_bark
160575-3-4-0.wav,160575,11.185766,12.537259,2,6,3,dog_bark
160575-3-7-0.wav,160575,17.540661,18.863399,2,6,3,dog_bark
161922-3-1-4.wav,161922,45.118484,49.118484,2,6,3,dog_bark
161922-3-1-5.wav,161922,45.618484,49.618484,2,6,3,dog_bark
161922-3-1-6.wav,161922,46.118484,50.118484,2,6,3,dog_bark
161922-3-2-0.wav,161922,66.58268,69.969265,2,6,3,dog_bark
161923-3-0-0.wav,161923,0.0,4.0,1,6,3,dog_bark
161923-3-0-12.wav,161923,6.0,10.0,1,6,3,dog_bark
161923-3-0-19.wav,161923,9.5,13.5,1,6,3,dog_bark
161923-3-0-5.wav,161923,2.5,6.5,1,6,3,dog_bark
162148-3-0-0.wav,162148,0.0,0.452781,1,10,3,dog_bark
163459-3-0-0.wav,163459,0.294231,1.074248,1,10,3,dog_bark
164311-3-0-0.wav,164311,1.001261,5.0012609999999995,1,6,3,dog_bark
164311-3-1-0.wav,164311,7.174174,10.683181,1,6,3,dog_bark
164312-3-0-0.wav,164312,0.0,3.450579,1,1,3,dog_bark
164312-3-1-0.wav,164312,6.182287,8.171162,1,1,3,dog_bark
164312-3-3-0.wav,164312,22.380838,24.058202,1,1,3,dog_bark
164312-3-4-0.wav,164312,25.711605,27.412932,1,1,3,dog_bark
165567-3-0-0.wav,165567,0.147106,4.147106,2,9,3,dog_bark
165567-3-2-0.wav,165567,12.111718,14.759624,2,9,3,dog_bark
165567-3-3-0.wav,165567,18.388235,20.251576,2,9,3,dog_bark
165567-3-4-0.wav,165567,29.347624,31.26,2,9,3,dog_bark
166268-3-0-0.wav,166268,0.0,0.239205,1,1,3,dog_bark
166268-3-1-0.wav,166268,0.940874,2.382484,1,1,3,dog_bark
166268-3-2-0.wav,166268,3.495586,3.706087,1,1,3,dog_bark
166421-3-0-29.wav,166421,14.5,18.5,1,2,3,dog_bark
166421-3-0-31.wav,166421,15.5,19.5,1,2,3,dog_bark
166421-3-0-5.wav,166421,2.5,6.5,1,2,3,dog_bark
166489-3-0-1.wav,166489,0.5,4.5,1,6,3,dog_bark
166489-3-0-2.wav,166489,1.0,5.0,1,6,3,dog_bark
166489-3-0-4.wav,166489,2.0,6.0,1,6,3,dog_bark
170015-3-0-0.wav,170015,1.193864,1.790795,1,3,3,dog_bark
171464-3-0-0.wav,171464,0.719177,2.434138,1,8,3,dog_bark
171464-3-1-0.wav,171464,3.961007,7.961007,1,8,3,dog_bark
171464-3-2-0.wav,171464,11.705992,13.111154,1,8,3,dog_bark
173993-3-0-25.wav,173993,12.5,16.5,1,5,3,dog_bark
173993-3-0-39.wav,173993,19.5,23.5,1,5,3,dog_bark
173993-3-0-51.wav,173993,25.5,29.5,1,5,3,dog_bark
173993-3-0-52.wav,173993,26.0,30.0,1,5,3,dog_bark
173994-3-0-14.wav,173994,7.0,11.0,1,4,3,dog_bark
173994-3-0-3.wav,173994,1.5,5.5,1,4,3,dog_bark
173994-3-0-44.wav,173994,22.0,26.0,1,4,3,dog_bark
173994-3-0-45.wav,173994,22.5,26.5,1,4,3,dog_bark
173995-3-0-0.wav,173995,0.0,4.0,1,2,3,dog_bark
173995-3-0-11.wav,173995,5.5,9.5,1,2,3,dog_bark
173995-3-0-27.wav,173995,13.5,17.5,1,2,3,dog_bark
173995-3-0-3.wav,173995,1.5,5.5,1,2,3,dog_bark
174026-3-1-0.wav,174026,9.219766,13.219766,2,4,3,dog_bark
174026-3-1-1.wav,174026,9.719766,13.719766,2,4,3,dog_bark
174026-3-1-5.wav,174026,11.719766,15.719766,2,4,3,dog_bark
174026-3-2-2.wav,174026,34.71608,38.71608,2,4,3,dog_bark
17486-3-0-0.wav,17486,0.288611,0.942797,1,10,3,dog_bark
17486-3-1-0.wav,17486,1.799011,3.092953,1,10,3,dog_bark
17486-3-2-0.wav,17486,4.757279,5.700076,1,10,3,dog_bark
174873-3-5-1.wav,174873,241.801632,245.801632,1,8,3,dog_bark
174873-3-5-10.wav,174873,246.301632,250.301632,1,8,3,dog_bark
174873-3-5-12.wav,174873,247.301632,251.301632,1,8,3,dog_bark
174873-3-5-13.wav,174873,247.801632,251.801632,1,8,3,dog_bark
174994-3-0-0.wav,174994,27.743475,31.743475,1,2,3,dog_bark
174994-3-0-1.wav,174994,28.243475,32.243475000000004,1,2,3,dog_bark
174994-3-0-2.wav,174994,28.743475,32.743475000000004,1,2,3,dog_bark
174994-3-0-4.wav,174994,29.743475,33.743475000000004,1,2,3,dog_bark
175915-3-0-0.wav,175915,3.259606,7.259606,2,9,3,dog_bark
175915-3-0-1.wav,175915,3.759606,7.759606,2,9,3,dog_bark
175915-3-0-3.wav,175915,4.759606,8.759606,2,9,3,dog_bark
175915-3-1-8.wav,175915,123.071504,127.071504,2,9,3,dog_bark
175917-3-0-3.wav,175917,1.5,5.5,2,6,3,dog_bark
175917-3-1-1.wav,175917,86.429353,90.429353,2,6,3,dog_bark
175917-3-2-2.wav,175917,114.576188,118.576188,2,6,3,dog_bark
175917-3-4-1.wav,175917,199.258329,203.258329,2,6,3,dog_bark
17615-3-0-0.wav,17615,35.115512,39.115512,2,3,3,dog_bark
17615-3-0-3.wav,17615,36.615512,40.615512,2,3,3,dog_bark
17615-3-0-4.wav,17615,37.115512,41.115512,2,3,3,dog_bark
17615-3-0-6.wav,17615,38.115512,42.115512,2,3,3,dog_bark
176257-3-0-0.wav,176257,45.814379,49.814379,1,1,3,dog_bark
176258-3-1-12.wav,176258,75.897629,79.897629,1,1,3,dog_bark
176258-3-1-13.wav,176258,76.397629,80.397629,1,1,3,dog_bark
176258-3-1-18.wav,176258,78.897629,82.897629,1,1,3,dog_bark
176258-3-1-2.wav,176258,70.897629,74.897629,1,1,3,dog_bark
176783-3-0-11.wav,176783,5.5,9.5,1,3,3,dog_bark
176783-3-0-3.wav,176783,1.5,5.5,1,3,3,dog_bark
176783-3-0-5.wav,176783,2.5,6.5,1,3,3,dog_bark
176783-3-1-0.wav,176783,53.119866,57.119866,1,3,3,dog_bark
177620-3-0-20.wav,177620,11.664997,15.664997,2,9,3,dog_bark
177620-3-0-21.wav,177620,12.164997,16.164997,2,9,3,dog_bark
177620-3-0-25.wav,177620,14.164997,18.164997,2,9,3,dog_bark
177620-3-0-8.wav,177620,5.664997,9.664997,2,9,3,dog_bark
17810-3-0-0.wav,17810,0.308951,0.689991,1,8,3,dog_bark
17810-3-1-0.wav,17810,2.152361,2.770263,1,8,3,dog_bark
178118-3-0-0.wav,178118,0.0,0.723588,2,9,3,dog_bark
178118-3-1-0.wav,178118,3.373941,4.131185,2,9,3,dog_bark
178118-3-2-0.wav,178118,7.420988,8.523199,2,9,3,dog_bark
178497-3-0-1.wav,178497,0.5,4.5,1,5,3,dog_bark
178497-3-0-3.wav,178497,1.5,5.5,1,5,3,dog_bark
178497-3-0-4.wav,178497,2.0,6.0,1,5,3,dog_bark
178497-3-0-6.wav,178497,3.0,7.0,1,5,3,dog_bark
179096-3-0-1.wav,179096,0.5,4.5,1,2,3,dog_bark
179096-3-0-10.wav,179096,5.0,9.0,1,2,3,dog_bark
179096-3-0-5.wav,179096,2.5,6.5,1,2,3,dog_bark
179096-3-0-9.wav,179096,4.5,8.5,1,2,3,dog_bark
179386-3-0-0.wav,179386,0.0,4.0,1,3,3,dog_bark
179386-3-0-1.wav,179386,0.5,4.5,1,3,3,dog_bark
179386-3-0-2.wav,179386,1.0,5.0,1,3,3,dog_bark
179386-3-0-3.wav,179386,1.5,5.5,1,3,3,dog_bark
180052-3-0-0.wav,180052,0.0,4.0,1,5,3,dog_bark
180052-3-0-1.wav,180052,0.5,4.5,1,5,3,dog_bark
180052-3-0-3.wav,180052,1.5,5.5,1,5,3,dog_bark
180052-3-0-4.wav,180052,2.0,6.0,1,5,3,dog_bark
180256-3-0-0.wav,180256,0.0,4.0,1,1,3,dog_bark
180256-3-0-1.wav,180256,0.5,4.5,1,1,3,dog_bark
180256-3-0-2.wav,180256,1.0,5.0,1,1,3,dog_bark
180256-3-0-3.wav,180256,1.5,5.5,1,1,3,dog_bark
180257-3-0-1.wav,180257,0.5,4.5,1,7,3,dog_bark
180257-3-0-3.wav,180257,1.5,5.5,1,7,3,dog_bark
180257-3-0-4.wav,180257,2.0,6.0,1,7,3,dog_bark
180257-3-0-5.wav,180257,2.5,6.5,1,7,3,dog_bark
180977-3-1-0.wav,180977,10.726049,14.726049,1,4,3,dog_bark
180977-3-1-1.wav,180977,11.226049,15.226049,1,4,3,dog_bark
180977-3-1-5.wav,180977,13.226049,17.226049,1,4,3,dog_bark
181725-3-0-16.wav,181725,8.0,12.0,1,5,3,dog_bark
181725-3-0-22.wav,181725,11.0,15.0,1,5,3,dog_bark
181725-3-0-37.wav,181725,18.5,22.5,1,5,3,dog_bark
183989-3-1-18.wav,183989,80.176471,84.176471,2,4,3,dog_bark
183989-3-1-21.wav,183989,81.676471,85.676471,2,4,3,dog_bark
183989-3-1-23.wav,183989,82.676471,86.676471,2,4,3,dog_bark
183989-3-1-25.wav,183989,83.676471,87.676471,2,4,3,dog_bark
183992-3-0-10.wav,183992,5.0,9.0,1,7,3,dog_bark
183992-3-0-3.wav,183992,1.5,5.5,1,7,3,dog_bark
183992-3-0-6.wav,183992,3.0,7.0,1,7,3,dog_bark
183992-3-0-9.wav,183992,4.5,8.5,1,7,3,dog_bark
18453-3-0-0.wav,18453,9.13085,9.937155,2,2,3,dog_bark
184575-3-0-0.wav,184575,0.0,4.0,1,9,3,dog_bark
184575-3-0-1.wav,184575,0.5,4.5,1,9,3,dog_bark
184575-3-0-2.wav,184575,1.0,5.0,1,9,3,dog_bark
184575-3-0-3.wav,184575,1.5,5.5,1,9,3,dog_bark
184725-3-0-1.wav,184725,0.5,4.5,1,3,3,dog_bark
184725-3-0-2.wav,184725,1.0,5.0,1,3,3,dog_bark
184725-3-0-4.wav,184725,2.0,6.0,1,3,3,dog_bark
184725-3-0-5.wav,184725,2.5,6.5,1,3,3,dog_bark
18581-3-0-0.wav,18581,40.693758,44.693758,2,2,3,dog_bark
18581-3-0-5.wav,18581,43.193758,47.193758,2,2,3,dog_bark
18581-3-1-1.wav,18581,64.21059,68.21059,2,2,3,dog_bark
18581-3-1-3.wav,18581,65.21059,69.21059,2,2,3,dog_bark
187378-3-0-12.wav,187378,6.0,10.0,1,9,3,dog_bark
187378-3-0-19.wav,187378,9.5,13.5,1,9,3,dog_bark
187378-3-0-30.wav,187378,15.0,19.0,1,9,3,dog_bark
187378-3-0-7.wav,187378,3.5,7.5,1,9,3,dog_bark
189846-3-0-0.wav,189846,13.241992,14.358787,2,8,3,dog_bark
189846-3-1-0.wav,189846,17.230544,18.586652,2,8,3,dog_bark
189846-3-3-0.wav,189846,26.404213,27.32158,2,8,3,dog_bark
189846-3-4-0.wav,189846,28.159176,28.956887,2,8,3,dog_bark
189895-3-0-0.wav,189895,0.0,4.0,1,5,3,dog_bark
190680-3-1-0.wav,190680,5.960838,7.49752,2,6,3,dog_bark
190680-3-4-0.wav,190680,21.352441,25.352441,2,6,3,dog_bark
190680-3-6-0.wav,190680,36.24834,40.24834,2,6,3,dog_bark
190996-3-0-0.wav,190996,12.510494,16.510494,2,8,3,dog_bark
190996-3-0-1.wav,190996,13.010494,17.010494,2,8,3,dog_bark
190996-3-0-8.wav,190996,16.510494,20.510494,2,8,3,dog_bark
191382-3-0-0.wav,191382,0.61858,4.61858,1,5,3,dog_bark
191382-3-0-5.wav,191382,3.11858,7.11858,1,5,3,dog_bark
191382-3-1-0.wav,191382,28.636596,32.636596,1,5,3,dog_bark
191382-3-1-1.wav,191382,29.136596,33.136596,1,5,3,dog_bark
191687-3-0-0.wav,191687,0.0,4.0,1,7,3,dog_bark
191687-3-0-11.wav,191687,5.5,9.5,1,7,3,dog_bark
191687-3-0-15.wav,191687,7.5,11.5,1,7,3,dog_bark
191687-3-0-5.wav,191687,2.5,6.5,1,7,3,dog_bark
19218-3-0-0.wav,19218,55.750425,59.750425,2,2,3,dog_bark
192236-3-0-2.wav,192236,4.506272,8.506272,1,7,3,dog_bark
192236-3-0-4.wav,192236,5.506272,9.506272,1,7,3,dog_bark
192236-3-0-6.wav,192236,6.506272,10.506272,1,7,3,dog_bark
192236-3-0-8.wav,192236,7.506272,11.506272,1,7,3,dog_bark
193394-3-0-10.wav,193394,5.0,9.0,1,1,3,dog_bark
193394-3-0-11.wav,193394,5.5,9.5,1,1,3,dog_bark
193394-3-0-4.wav,193394,2.0,6.0,1,1,3,dog_bark
193394-3-0-7.wav,193394,3.5,7.5,1,1,3,dog_bark
194753-3-0-0.wav,194753,0.0,0.752941,2,6,3,dog_bark
194753-3-1-0.wav,194753,2.917647,4.729412,2,6,3,dog_bark
194753-3-2-0.wav,194753,8.235294,9.2,2,6,3,dog_bark
194753-3-3-0.wav,194753,13.105882,13.858824,2,6,3,dog_bark
194754-3-0-0.wav,194754,0.312357,4.312357,1,7,3,dog_bark
194754-3-0-1.wav,194754,0.812357,4.812357,1,7,3,dog_bark
194754-3-0-2.wav,194754,1.312357,5.312357,1,7,3,dog_bark
19496-3-0-0.wav,19496,32.082004,36.082004,2,3,3,dog_bark
19496-3-1-0.wav,19496,41.420638,45.420638,2,3,3,dog_bark
19496-3-1-1.wav,19496,41.920638,45.920638,2,3,3,dog_bark
19503-3-0-0.wav,19503,0.126733,4.087129,2,5,3,dog_bark
19503-3-1-0.wav,19503,19.152475,21.544554,2,5,3,dog_bark
19503-3-2-0.wav,19503,23.112871,23.809901,2,5,3,dog_bark
196127-3-0-0.wav,196127,0.0,4.0,1,10,3,dog_bark
196127-3-0-1.wav,196127,0.5,4.5,1,10,3,dog_bark
196127-3-0-3.wav,196127,1.5,5.5,1,10,3,dog_bark
196127-3-0-4.wav,196127,2.0,6.0,1,10,3,dog_bark
196561-3-0-16.wav,196561,8.0,12.0,1,8,3,dog_bark
196561-3-0-29.wav,196561,14.5,18.5,1,8,3,dog_bark
196561-3-0-44.wav,196561,22.0,26.0,1,8,3,dog_bark
196561-3-0-9.wav,196561,4.5,8.5,1,8,3,dog_bark
197073-3-0-0.wav,197073,0.0,0.6576,1,1,3,dog_bark
197073-3-3-0.wav,197073,6.653365,7.610753,1,1,3,dog_bark
197073-3-4-3.wav,197073,11.209271,15.209271,1,1,3,dog_bark
197073-3-7-0.wav,197073,29.031106,33.031106,1,1,3,dog_bark
197074-3-0-4.wav,197074,2.0,6.0,1,3,3,dog_bark
197074-3-0-5.wav,197074,2.5,6.5,1,3,3,dog_bark
197074-3-0-6.wav,197074,3.0,7.0,1,3,3,dog_bark
197075-3-1-1.wav,197075,16.753779,20.753779,2,6,3,dog_bark
197075-3-4-1.wav,197075,46.566409,50.566409,2,6,3,dog_bark
197075-3-6-0.wav,197075,63.920301,67.920301,2,6,3,dog_bark
197075-3-7-5.wav,197075,77.031576,81.031576,2,6,3,dog_bark
197080-3-0-1.wav,197080,0.5,4.5,1,7,3,dog_bark
197080-3-0-6.wav,197080,3.0,7.0,1,7,3,dog_bark
197080-3-0-7.wav,197080,3.5,7.5,1,7,3,dog_bark
197080-3-1-0.wav,197080,22.422118,26.422118,1,7,3,dog_bark
197243-3-0-0.wav,197243,0.407216,1.042196,1,5,3,dog_bark
197243-3-1-0.wav,197243,2.149961,2.733176,1,5,3,dog_bark
199261-3-0-0.wav,199261,0.211116,4.211116,1,10,3,dog_bark
199261-3-0-1.wav,199261,0.711116,4.711116,1,10,3,dog_bark
199261-3-0-2.wav,199261,1.211116,5.2111160000000005,1,10,3,dog_bark
199261-3-0-4.wav,199261,2.211116,6.2111160000000005,1,10,3,dog_bark
20015-3-0-12.wav,20015,29.26305,33.26305,2,5,3,dog_bark
20015-3-0-14.wav,20015,30.26305,34.26305,2,5,3,dog_bark
20015-3-0-19.wav,20015,32.76305,36.76305,2,5,3,dog_bark
20015-3-0-4.wav,20015,25.26305,29.26305,2,5,3,dog_bark
200161-3-6-0.wav,200161,37.617328,41.617328,1,3,3,dog_bark
200161-3-6-3.wav,200161,39.117328,43.117328,1,3,3,dog_bark
200161-3-6-4.wav,200161,39.617328,43.617328,1,3,3,dog_bark
200161-3-7-0.wav,200161,55.340876,56.104476,1,3,3,dog_bark
201207-3-0-0.wav,201207,0.0,2.083529,1,4,3,dog_bark
201207-3-13-0.wav,201207,62.777647,65.072549,1,4,3,dog_bark
201207-3-21-0.wav,201207,102.48549,105.41451,1,4,3,dog_bark
201207-3-29-0.wav,201207,140.774118,144.774118,1,4,3,dog_bark
20285-3-0-0.wav,20285,1.940273,5.9402729999999995,1,5,3,dog_bark
20285-3-1-0.wav,20285,8.837448,12.837448,1,5,3,dog_bark
20285-3-1-1.wav,20285,9.337448,13.337448,1,5,3,dog_bark
20285-3-2-0.wav,20285,18.510488,19.062828,1,5,3,dog_bark
203128-3-1-0.wav,203128,3.414972,5.302693,1,2,3,dog_bark
203128-3-3-0.wav,203128,10.083655,10.529498,1,2,3,dog_bark
203128-3-6-0.wav,203128,13.517599,15.291487,1,2,3,dog_bark
203128-3-9-0.wav,203128,19.607633,21.40998,1,2,3,dog_bark
203355-3-0-0.wav,203355,42.985765,44.114,2,6,3,dog_bark
203355-3-1-0.wav,203355,47.291863,48.250863,2,6,3,dog_bark
203356-3-0-0.wav,203356,37.465647,41.465647,2,1,3,dog_bark
203356-3-0-1.wav,203356,37.965647,41.965647,2,1,3,dog_bark
203356-3-0-2.wav,203356,38.465647,42.465647,2,1,3,dog_bark
203356-3-0-3.wav,203356,38.965647,42.965647,2,1,3,dog_bark
203440-3-0-0.wav,203440,23.509202,27.509202,2,1,3,dog_bark
203440-3-0-1.wav,203440,24.009202,28.009202,2,1,3,dog_bark
203440-3-0-5.wav,203440,26.009202,30.009202,2,1,3,dog_bark
203440-3-0-6.wav,203440,26.509202,30.509202,2,1,3,dog_bark
203516-3-0-0.wav,203516,7.554407,9.492609,2,5,3,dog_bark
204773-3-7-1.wav,204773,22.362283,26.362283,1,2,3,dog_bark
204773-3-8-0.wav,204773,32.595476,36.595476,1,2,3,dog_bark
204773-3-9-0.wav,204773,42.184968,46.184968,1,2,3,dog_bark
204773-3-9-1.wav,204773,42.684968,46.684968,1,2,3,dog_bark
204919-3-0-0.wav,204919,3.974607,6.064957,2,6,3,dog_bark
204919-3-1-0.wav,204919,10.451745,14.451745,2,6,3,dog_bark
204919-3-3-0.wav,204919,25.525812,26.497383,2,6,3,dog_bark
204919-3-4-0.wav,204919,33.062846,34.093299,2,6,3,dog_bark
20571-3-0-0.wav,20571,11.239642,14.185956,2,10,3,dog_bark
20571-3-1-0.wav,20571,73.985218,77.985218,2,10,3,dog_bark
207124-3-0-0.wav,207124,0.0,1.04291,1,3,3,dog_bark
207124-3-1-0.wav,207124,2.736347,5.596604,1,3,3,dog_bark
207124-3-2-0.wav,207124,6.84603,10.846029999999999,1,3,3,dog_bark
207369-3-0-0.wav,207369,34.995645,35.947188,1,8,3,dog_bark
207962-3-0-0.wav,207962,0.469835,1.066165,1,7,3,dog_bark
207962-3-1-0.wav,207962,1.608282,2.300988,1,7,3,dog_bark
207962-3-2-0.wav,207962,4.071906,5.499482,1,7,3,dog_bark
208030-3-0-0.wav,208030,0.180372,2.119367,1,6,3,dog_bark
208030-3-1-0.wav,208030,2.48011,3.847929,1,6,3,dog_bark
208030-3-2-0.wav,208030,4.223703,5.471274,1,6,3,dog_bark
208030-3-4-0.wav,208030,7.771013,10.897455,1,6,3,dog_bark
20841-3-2-0.wav,20841,7.756822,8.584532,2,3,3,dog_bark
20841-3-3-0.wav,20841,10.831172,11.989966,2,3,3,dog_bark
20841-3-4-0.wav,20841,15.560942,16.719735,2,3,3,dog_bark
20841-3-6-0.wav,20841,29.608358,30.223228,2,3,3,dog_bark
209672-3-0-0.wav,209672,0.735508,2.25906,1,10,3,dog_bark
209672-3-3-0.wav,209672,8.458342,9.036241,1,10,3,dog_bark
209672-3-6-0.wav,209672,20.436615,21.172123,1,10,3,dog_bark
209672-3-8-0.wav,209672,25.059808,26.110534,1,10,3,dog_bark
22347-3-0-0.wav,22347,1.187356,2.271463,1,2,3,dog_bark
22347-3-1-1.wav,22347,4.062067,8.062066999999999,1,2,3,dog_bark
22347-3-1-2.wav,22347,4.562067,8.562066999999999,1,2,3,dog_bark
22347-3-3-0.wav,22347,18.188915,22.188915,1,2,3,dog_bark
22973-3-0-0.wav,22973,0.14222,4.14222,2,10,3,dog_bark
22973-3-0-1.wav,22973,0.64222,4.64222,2,10,3,dog_bark
22973-3-0-2.wav,22973,1.14222,5.14222,2,10,3,dog_bark
23131-3-0-0.wav,23131,23.681362,24.78992,2,2,3,dog_bark
23131-3-2-0.wav,23131,29.690066,30.396972,2,2,3,dog_bark
23131-3-4-0.wav,23131,41.386153,41.996663,2,2,3,dog_bark
23131-3-5-0.wav,23131,46.993205,47.619781,2,2,3,dog_bark
24965-3-0-0.wav,24965,0.0,0.500483,1,7,3,dog_bark
24965-3-1-0.wav,24965,1.304201,1.857676,1,7,3,dog_bark
24965-3-2-0.wav,24965,2.308111,2.911635,1,7,3,dog_bark
24965-3-3-0.wav,24965,3.111829,3.594648,1,7,3,dog_bark
26255-3-0-0.wav,26255,0.7081,0.957431,2,10,3,dog_bark
26255-3-13-1.wav,26255,110.784129,114.784129,2,10,3,dog_bark
26255-3-6-0.wav,26255,27.82535,28.543424,2,10,3,dog_bark
26255-3-8-0.wav,26255,39.66359,40.252012,2,10,3,dog_bark
26256-3-4-0.wav,26256,30.938363,34.938362999999995,2,4,3,dog_bark
26256-3-5-22.wav,26256,60.861421,64.861421,2,4,3,dog_bark
26256-3-6-6.wav,26256,149.360644,153.360644,2,4,3,dog_bark
26256-3-7-36.wav,26256,194.168648,198.168648,2,4,3,dog_bark
27216-3-0-18.wav,27216,9.81491,13.81491,1,7,3,dog_bark
27216-3-0-21.wav,27216,11.31491,15.31491,1,7,3,dog_bark
27216-3-0-24.wav,27216,12.81491,16.814909999999998,1,7,3,dog_bark
27216-3-0-9.wav,27216,5.31491,9.314910000000001,1,7,3,dog_bark
27217-3-0-13.wav,27217,6.5,10.5,1,7,3,dog_bark
27217-3-0-22.wav,27217,11.0,15.0,1,7,3,dog_bark
27217-3-0-6.wav,27217,3.0,7.0,1,7,3,dog_bark
27349-3-0-2.wav,27349,1.0,5.0,2,2,3,dog_bark
27349-3-0-6.wav,27349,3.0,7.0,2,2,3,dog_bark
27349-3-1-2.wav,27349,27.345256,31.345256,2,2,3,dog_bark
27349-3-2-1.wav,27349,41.980366,45.980366,2,2,3,dog_bark
28284-3-0-0.wav,28284,5.678508,9.678508,1,6,3,dog_bark
28284-3-0-1.wav,28284,6.178508,10.178508,1,6,3,dog_bark
28284-3-1-0.wav,28284,18.749465,19.909404,1,6,3,dog_bark
29936-3-0-0.wav,29936,2.321813,5.075963,2,8,3,dog_bark
29936-3-1-0.wav,29936,7.862139,10.071864,2,8,3,dog_bark
29936-3-2-0.wav,29936,10.936539,13.11424,2,8,3,dog_bark
29936-3-3-0.wav,29936,16.941228,19.022853,2,8,3,dog_bark
29937-3-0-14.wav,29937,7.0,11.0,2,5,3,dog_bark
29937-3-0-4.wav,29937,2.0,6.0,2,5,3,dog_bark
29937-3-0-6.wav,29937,3.0,7.0,2,5,3,dog_bark
29937-3-0-8.wav,29937,4.0,8.0,2,5,3,dog_bark
30226-3-1-0.wav,30226,5.195936,9.195936,1,8,3,dog_bark
30226-3-1-1.wav,30226,5.695936,9.695936,1,8,3,dog_bark
30226-3-1-3.wav,30226,6.695936,10.695936,1,8,3,dog_bark
30226-3-1-5.wav,30226,7.695936,11.695936,1,8,3,dog_bark
30344-3-0-0.wav,30344,0.391161,4.391161,1,10,3,dog_bark
30344-3-0-1.wav,30344,0.891161,4.891161,1,10,3,dog_bark
30344-3-0-3.wav,30344,1.8911609999999999,5.891161,1,10,3,dog_bark
30344-3-0-4.wav,30344,2.391161,6.391161,1,10,3,dog_bark
30832-3-1-0.wav,30832,11.085712,12.093504,2,4,3,dog_bark
30832-3-12-0.wav,30832,294.716176,296.038903,2,4,3,dog_bark
30832-3-5-1.wav,30832,44.968823,48.968823,2,4,3,dog_bark
30832-3-7-0.wav,30832,129.564261,131.705819,2,4,3,dog_bark
31323-3-0-1.wav,31323,0.992016,4.992016,2,1,3,dog_bark
31323-3-0-2.wav,31323,1.492016,5.492016,2,1,3,dog_bark
31323-3-0-20.wav,31323,10.492016,14.492016,2,1,3,dog_bark
31323-3-0-22.wav,31323,11.492016,15.492016,2,1,3,dog_bark
31325-3-1-0.wav,31325,4.804858,8.804858,1,8,3,dog_bark
31325-3-1-1.wav,31325,5.304858,9.304858,1,8,3,dog_bark
31325-3-3-6.wav,31325,33.179274,37.179274,1,8,3,dog_bark
31325-3-4-0.wav,31325,49.875221,53.875221,1,8,3,dog_bark
31840-3-0-0.wav,31840,0.020035,3.546214,1,1,3,dog_bark
31840-3-1-0.wav,31840,4.95368,5.98048,1,1,3,dog_bark
32318-3-0-0.wav,32318,0.385559,4.385559,1,3,3,dog_bark
32318-3-0-1.wav,32318,0.885559,4.885559,1,3,3,dog_bark
33641-3-1-0.wav,33641,5.316114,7.301651,1,9,3,dog_bark
33641-3-7-0.wav,33641,17.74173,19.385669,1,9,3,dog_bark
33641-3-8-0.wav,33641,20.944208,23.228643,1,9,3,dog_bark
33641-3-9-0.wav,33641,24.765832,25.470378,1,9,3,dog_bark
33696-3-0-0.wav,33696,5.538044,8.307066,2,3,3,dog_bark
33696-3-4-0.wav,33696,69.289945,73.289945,2,3,3,dog_bark
33696-3-4-1.wav,33696,69.789945,73.789945,2,3,3,dog_bark
33696-3-6-1.wav,33696,88.593536,92.593536,2,3,3,dog_bark
33849-3-0-0.wav,33849,0.0,0.264593,1,2,3,dog_bark
33849-3-2-0.wav,33849,3.233909,4.60587,1,2,3,dog_bark
33849-3-3-0.wav,33849,5.017459,6.712811,1,2,3,dog_bark
33849-3-4-0.wav,33849,8.270967,10.162314,1,2,3,dog_bark
344-3-0-0.wav,344,0.213338,0.860971,1,4,3,dog_bark
344-3-1-0.wav,344,1.401936,2.666725,1,4,3,dog_bark
344-3-4-0.wav,344,6.483953,7.428735,1,4,3,dog_bark
344-3-5-0.wav,344,7.939223,9.623069,1,4,3,dog_bark
34771-3-0-10.wav,34771,5.0,9.0,1,5,3,dog_bark
34771-3-0-14.wav,34771,7.0,11.0,1,5,3,dog_bark
34771-3-0-4.wav,34771,2.0,6.0,1,5,3,dog_bark
34771-3-0-5.wav,34771,2.5,6.5,1,5,3,dog_bark
34871-3-11-0.wav,34871,113.63217,115.3221,2,7,3,dog_bark
34871-3-6-0.wav,34871,46.3792,50.3792,1,7,3,dog_bark
34871-3-8-0.wav,34871,60.868788,63.466274,1,7,3,dog_bark
34871-3-9-0.wav,34871,64.342534,68.342534,2,7,3,dog_bark
34872-3-0-0.wav,34872,0.0,4.0,1,5,3,dog_bark
34872-3-0-1.wav,34872,0.5,4.5,1,5,3,dog_bark
34872-3-0-2.wav,34872,1.0,5.0,1,5,3,dog_bark
34931-3-0-0.wav,34931,0.233418,4.148033,1,4,3,dog_bark
35296-3-0-0.wav,35296,0.799414,1.751097,2,4,3,dog_bark
35296-3-1-0.wav,35296,3.591018,5.595897,2,4,3,dog_bark
35296-3-2-0.wav,35296,7.448507,9.592966,2,4,3,dog_bark
35628-3-0-0.wav,35628,0.689299,4.689299,1,10,3,dog_bark
35629-3-0-0.wav,35629,2.06663,4.87455,1,4,3,dog_bark
35629-3-1-0.wav,35629,7.300594,11.300594,1,4,3,dog_bark
35629-3-2-0.wav,35629,15.589576,19.589576,1,4,3,dog_bark
35629-3-3-0.wav,35629,32.347248,33.537806,1,4,3,dog_bark
36902-3-0-0.wav,36902,0.08998,0.877307,1,6,3,dog_bark
36902-3-1-0.wav,36902,1.192238,1.99831,1,6,3,dog_bark
36902-3-2-0.wav,36902,2.286997,5.293835,1,6,3,dog_bark
37869-3-0-0.wav,37869,0.477071,1.431213,1,5,3,dog_bark
37869-3-1-0.wav,37869,6.003142,7.414477,1,5,3,dog_bark
37869-3-3-0.wav,37869,15.902364,18.108817,1,5,3,dog_bark
37869-3-5-0.wav,37869,21.567581,23.177696,1,5,3,dog_bark
38121-3-0-0.wav,38121,0.05536,2.856996,1,6,3,dog_bark
38231-3-0-0.wav,38231,0.576461,1.152921,1,4,3,dog_bark
38231-3-2-0.wav,38231,13.437498,17.437497999999998,1,4,3,dog_bark
38231-3-3-0.wav,38231,21.587459,23.058428,1,4,3,dog_bark
38231-3-4-0.wav,38231,26.338291,28.982059,1,4,3,dog_bark
38236-3-2-2.wav,38236,14.434856,18.434856,1,7,3,dog_bark
38236-3-2-3.wav,38236,14.934856,18.934856,1,7,3,dog_bark
38236-3-3-0.wav,38236,26.29251,29.954752,1,7,3,dog_bark
41306-3-0-10.wav,41306,5.0,9.0,2,10,3,dog_bark
41306-3-0-13.wav,41306,6.5,10.5,2,10,3,dog_bark
41306-3-0-4.wav,41306,2.0,6.0,2,10,3,dog_bark
41372-3-0-25.wav,41372,29.892794,33.892793999999995,2,3,3,dog_bark
41372-3-0-36.wav,41372,35.392793999999995,39.392793999999995,2,3,3,dog_bark
41372-3-0-39.wav,41372,36.892793999999995,40.892793999999995,2,3,3,dog_bark
41372-3-0-51.wav,41372,42.892793999999995,46.892793999999995,2,3,3,dog_bark
41918-3-0-0.wav,41918,0.525781,4.525781,1,4,3,dog_bark
41918-3-0-1.wav,41918,1.025781,5.025781,1,4,3,dog_bark
4201-3-0-0.wav,4201,0.104715,0.352725,2,2,3,dog_bark
4201-3-1-0.wav,4201,0.804653,1.085731,2,2,3,dog_bark
4201-3-2-0.wav,4201,1.818737,2.171462,2,2,3,dog_bark
4201-3-3-0.wav,4201,3.968154,4.976726,2,2,3,dog_bark
42371-3-0-0.wav,42371,10.54093,11.538045,2,9,3,dog_bark
43784-3-0-0.wav,43784,0.934147,1.116784,1,7,3,dog_bark
43784-3-1-0.wav,43784,2.739564,3.254543,1,7,3,dog_bark
43786-3-0-0.wav,43786,0.536063,1.142558,1,1,3,dog_bark
43786-3-1-0.wav,43786,2.926828,3.314202,1,1,3,dog_bark
43787-3-0-0.wav,43787,1.578947,2.870812,1,5,3,dog_bark
43787-3-1-0.wav,43787,6.27162,7.364737,1,5,3,dog_bark
43787-3-2-0.wav,43787,8.866392,10.710337,1,5,3,dog_bark
43787-3-3-0.wav,43787,11.969077,12.388657,1,5,3,dog_bark
44110-3-0-0.wav,44110,0.249536,3.465784,1,8,3,dog_bark
44110-3-1-0.wav,44110,5.517529,6.072054,1,8,3,dog_bark
44110-3-3-0.wav,44110,11.31232,14.500842,1,8,3,dog_bark
44110-3-4-0.wav,44110,16.802122,18.437973,1,8,3,dog_bark
44831-3-0-0.wav,44831,1.951541,5.951541,2,3,3,dog_bark
44831-3-1-0.wav,44831,10.038318,11.313835,2,3,3,dog_bark
44831-3-2-0.wav,44831,20.35725,21.81134,2,3,3,dog_bark
47926-3-0-0.wav,47926,1.674351,2.683324,1,4,3,dog_bark
47926-3-1-0.wav,47926,3.315978,3.752291,1,4,3,dog_bark
47926-3-2-0.wav,47926,4.90852,6.075657,1,4,3,dog_bark
47926-3-3-0.wav,47926,6.593779,7.433681,1,4,3,dog_bark
4910-3-0-0.wav,4910,0.031494,0.647731,1,6,3,dog_bark
4911-3-0-0.wav,4911,0.008108,0.217438,1,2,3,dog_bark
4912-3-0-0.wav,4912,0.0,0.231748,1,6,3,dog_bark
4912-3-1-0.wav,4912,0.516166,0.859574,1,6,3,dog_bark
4912-3-2-0.wav,4912,1.666477,1.990924,1,6,3,dog_bark
4912-3-3-0.wav,4912,2.370148,2.646139,1,6,3,dog_bark
4918-3-0-0.wav,4918,0.0,0.3744,1,8,3,dog_bark
4918-3-1-0.wav,4918,1.421333,2.343467,1,8,3,dog_bark
4918-3-3-0.wav,4918,4.8672,5.2832,1,8,3,dog_bark
4918-3-4-0.wav,4918,7.4672,8.389333,1,8,3,dog_bark
49808-3-0-6.wav,49808,3.0,7.0,2,2,3,dog_bark
49808-3-1-22.wav,49808,67.882376,71.882376,2,2,3,dog_bark
49808-3-1-8.wav,49808,60.882376,64.882376,2,2,3,dog_bark
49809-3-0-0.wav,49809,0.0,0.718468,2,3,3,dog_bark
49809-3-3-0.wav,49809,18.125927,20.897162,2,3,3,dog_bark
49809-3-4-0.wav,49809,22.477792,23.791562,2,3,3,dog_bark
50223-3-0-1.wav,50223,2.808086,6.808085999999999,2,9,3,dog_bark
50223-3-0-10.wav,50223,7.308085999999999,11.308086,2,9,3,dog_bark
50223-3-0-3.wav,50223,3.808086,7.808085999999999,2,9,3,dog_bark
50223-3-0-6.wav,50223,5.308085999999999,9.308086,2,9,3,dog_bark
50612-3-0-0.wav,50612,0.0,0.769615,1,7,3,dog_bark
50613-3-0-0.wav,50613,0.0,0.538526,1,8,3,dog_bark
50614-3-0-0.wav,50614,0.0,1.0,1,7,3,dog_bark
50885-3-0-2.wav,50885,1.0,5.0,1,5,3,dog_bark
50885-3-0-3.wav,50885,1.5,5.5,1,5,3,dog_bark
50885-3-0-4.wav,50885,2.0,6.0,1,5,3,dog_bark
50885-3-0-5.wav,50885,2.5,6.5,1,5,3,dog_bark
51022-3-13-0.wav,51022,19.916516,21.377728,2,1,3,dog_bark
51022-3-29-0.wav,51022,44.136601,44.596982,1,1,3,dog_bark
51022-3-30-4.wav,51022,46.647024,50.647024,2,1,3,dog_bark
51022-3-7-0.wav,51022,14.201777,15.292682,2,1,3,dog_bark
51024-3-0-16.wav,51024,8.399669,12.399669,2,10,3,dog_bark
51024-3-0-2.wav,51024,1.399669,5.399669,2,10,3,dog_bark
51024-3-0-23.wav,51024,11.899669,15.899669,2,10,3,dog_bark
51024-3-0-3.wav,51024,1.899669,5.899669,2,10,3,dog_bark
51027-3-0-7.wav,51027,3.5,7.5,2,6,3,dog_bark
51027-3-0-9.wav,51027,4.5,8.5,2,6,3,dog_bark
51027-3-1-1.wav,51027,38.559406,42.559406,2,6,3,dog_bark
51027-3-1-4.wav,51027,40.059406,44.059406,2,6,3,dog_bark
52077-3-0-13.wav,52077,7.10243,11.10243,1,3,3,dog_bark
52077-3-0-17.wav,52077,9.10243,13.10243,1,3,3,dog_bark
52077-3-0-3.wav,52077,2.10243,6.10243,1,3,3,dog_bark
52077-3-0-8.wav,52077,4.60243,8.60243,1,3,3,dog_bark
52171-3-2-0.wav,52171,9.321562,9.810929,2,9,3,dog_bark
52171-3-3-0.wav,52171,10.5892,10.990127,2,9,3,dog_bark
52171-3-6-0.wav,52171,13.041932,17.041932,2,9,3,dog_bark
52171-3-6-1.wav,52171,13.541932,17.541932,2,9,3,dog_bark
52441-3-0-0.wav,52441,0.0,4.0,1,4,3,dog_bark
52441-3-0-13.wav,52441,6.5,10.5,1,4,3,dog_bark
52441-3-0-8.wav,52441,4.0,8.0,1,4,3,dog_bark
52441-3-1-2.wav,52441,47.843242,51.843242,1,4,3,dog_bark
52633-3-0-1.wav,52633,0.5,4.5,1,8,3,dog_bark
52633-3-0-2.wav,52633,1.0,5.0,1,8,3,dog_bark
52633-3-0-8.wav,52633,4.0,8.0,1,8,3,dog_bark
52633-3-0-9.wav,52633,4.5,8.5,1,8,3,dog_bark
52740-3-0-0.wav,52740,68.09769,72.09769,2,9,3,dog_bark
52740-3-0-1.wav,52740,68.59769,72.59769,2,9,3,dog_bark
52740-3-0-2.wav,52740,69.09769,73.09769,2,9,3,dog_bark
52740-3-0-3.wav,52740,69.59769,73.59769,2,9,3,dog_bark
54545-3-0-0.wav,54545,0.826371,4.826371,1,2,3,dog_bark
54545-3-0-1.wav,54545,1.326371,5.326371,1,2,3,dog_bark
54545-3-0-2.wav,54545,1.826371,5.826371,1,2,3,dog_bark
54823-3-0-0.wav,54823,0.189657,4.096588,1,9,3,dog_bark
54823-3-1-0.wav,54823,9.084564,13.084564,1,9,3,dog_bark
54823-3-2-1.wav,54823,20.319143,24.319143,1,9,3,dog_bark
54858-3-0-0.wav,54858,28.04638,32.04638,2,1,3,dog_bark
54858-3-1-2.wav,54858,37.898228,41.898228,1,1,3,dog_bark
54858-3-2-0.wav,54858,66.854743,67.739928,1,1,3,dog_bark
55013-3-0-1.wav,55013,0.5,4.5,2,8,3,dog_bark
55013-3-0-3.wav,55013,1.5,5.5,2,8,3,dog_bark
55013-3-0-4.wav,55013,2.0,6.0,2,8,3,dog_bark
55013-3-0-7.wav,55013,3.5,7.5,2,8,3,dog_bark
57105-3-0-1.wav,57105,178.952055,182.952055,2,9,3,dog_bark
57105-3-1-0.wav,57105,232.256082,236.256082,2,9,3,dog_bark
57105-3-4-2.wav,57105,263.540334,267.540334,2,9,3,dog_bark
57105-3-4-4.wav,57105,264.540334,268.540334,2,9,3,dog_bark
57553-3-0-0.wav,57553,0.0,1.715423,2,1,3,dog_bark
57553-3-1-0.wav,57553,9.679885,11.932555,2,1,3,dog_bark
57553-3-2-0.wav,57553,13.063603,14.279479,2,1,3,dog_bark
57596-3-0-0.wav,57596,0.591383,3.288668,2,7,3,dog_bark
57596-3-1-0.wav,57596,5.921045,9.921045,2,7,3,dog_bark
58382-3-0-0.wav,58382,0.224342,4.224342,1,5,3,dog_bark
59513-3-0-0.wav,59513,0.156569,4.156569,1,10,3,dog_bark
59513-3-0-1.wav,59513,0.656569,4.656569,1,10,3,dog_bark
59513-3-0-3.wav,59513,1.656569,5.656569,1,10,3,dog_bark
59513-3-0-4.wav,59513,2.156569,6.156569,1,10,3,dog_bark
59800-3-0-0.wav,59800,0.0,3.506271,1,9,3,dog_bark
59800-3-1-0.wav,59800,7.883065,11.883065,1,9,3,dog_bark
59800-3-2-0.wav,59800,22.51268,24.374631,1,9,3,dog_bark
59800-3-3-1.wav,59800,29.686686,33.686686,1,9,3,dog_bark
61077-3-0-0.wav,61077,28.455188,29.897293,1,8,3,dog_bark
61077-3-1-0.wav,61077,32.394596,34.434647,1,8,3,dog_bark
61077-3-2-0.wav,61077,36.017445,39.71064,1,8,3,dog_bark
61077-3-3-0.wav,61077,44.52938,48.52938,1,8,3,dog_bark
61250-3-0-31.wav,61250,15.5,19.5,2,9,3,dog_bark
61250-3-0-36.wav,61250,18.0,22.0,2,9,3,dog_bark
61250-3-0-47.wav,61250,23.5,27.5,2,9,3,dog_bark
61250-3-0-62.wav,61250,31.0,35.0,2,9,3,dog_bark
62048-3-0-2.wav,62048,1.0,5.0,1,8,3,dog_bark
62048-3-0-3.wav,62048,1.5,5.5,1,8,3,dog_bark
62048-3-0-4.wav,62048,2.0,6.0,1,8,3,dog_bark
62048-3-0-5.wav,62048,2.5,6.5,1,8,3,dog_bark
63261-3-0-0.wav,63261,0.0,4.0,1,2,3,dog_bark
63261-3-0-1.wav,63261,0.5,4.5,1,2,3,dog_bark
63292-3-0-0.wav,63292,0.0,4.0,1,3,3,dog_bark
63292-3-0-1.wav,63292,0.5,4.5,1,3,3,dog_bark
63932-3-0-1.wav,63932,0.5,4.5,1,4,3,dog_bark
63932-3-0-2.wav,63932,1.0,5.0,1,4,3,dog_bark
63932-3-1-0.wav,63932,36.729332,40.729332,1,4,3,dog_bark
63932-3-1-1.wav,63932,37.229332,41.229332,1,4,3,dog_bark
65381-3-0-3.wav,65381,2.356686,6.356686,1,5,3,dog_bark
65381-3-0-6.wav,65381,3.856686,7.856686,1,5,3,dog_bark
65381-3-0-7.wav,65381,4.356686,8.356686,1,5,3,dog_bark
65745-3-0-21.wav,65745,10.5,14.5,2,7,3,dog_bark
65745-3-0-49.wav,65745,24.5,28.5,2,7,3,dog_bark
65745-3-0-61.wav,65745,30.5,34.5,2,7,3,dog_bark
65745-3-0-88.wav,65745,44.0,48.0,2,7,3,dog_bark
65749-3-1-12.wav,65749,81.445545,85.445545,2,1,3,dog_bark
65749-3-1-14.wav,65749,82.445545,86.445545,2,1,3,dog_bark
65749-3-1-24.wav,65749,87.445545,91.445545,2,1,3,dog_bark
65749-3-1-9.wav,65749,79.945545,83.945545,2,1,3,dog_bark
65750-3-0-5.wav,65750,252.955446,256.955446,2,3,3,dog_bark
65750-3-3-48.wav,65750,337.029703,341.029703,2,3,3,dog_bark
65750-3-3-68.wav,65750,347.029703,351.029703,2,3,3,dog_bark
65750-3-3-74.wav,65750,350.029703,354.029703,2,3,3,dog_bark
66587-3-0-0.wav,66587,1.836262,2.35271,1,5,3,dog_bark
66587-3-1-0.wav,66587,3.077173,3.428645,1,5,3,dog_bark
66587-3-2-0.wav,66587,4.533271,5.049719,1,5,3,dog_bark
66587-3-3-0.wav,66587,7.811285,8.299042,1,5,3,dog_bark
67049-3-0-0.wav,67049,0.074989,4.074989,1,7,3,dog_bark
67049-3-0-1.wav,67049,0.574989,4.574989,1,7,3,dog_bark
67049-3-0-2.wav,67049,1.074989,5.074989,1,7,3,dog_bark
68389-3-0-0.wav,68389,1.776939,3.366492,1,4,3,dog_bark
68389-3-1-0.wav,68389,5.356664,5.964054,1,4,3,dog_bark
68389-3-2-0.wav,68389,7.818533,9.227161,1,4,3,dog_bark
69661-3-0-14.wav,69661,7.0,11.0,1,10,3,dog_bark
69661-3-0-23.wav,69661,11.5,15.5,1,10,3,dog_bark
69661-3-0-29.wav,69661,14.5,18.5,1,10,3,dog_bark
69777-3-0-0.wav,69777,0.0,4.0,2,9,3,dog_bark
69777-3-0-1.wav,69777,0.5,4.5,2,9,3,dog_bark
69777-3-0-2.wav,69777,1.0,5.0,2,9,3,dog_bark
69883-3-0-20.wav,69883,11.679208,15.679208,2,2,3,dog_bark
69883-3-0-5.wav,69883,4.179208,8.179208,2,2,3,dog_bark
69883-3-0-9.wav,69883,6.179208,10.179208,2,2,3,dog_bark
70098-3-0-0.wav,70098,0.13072,2.272509,1,9,3,dog_bark
70098-3-1-0.wav,70098,4.072417,6.626475,1,9,3,dog_bark
70098-3-2-0.wav,70098,8.225276,10.467619,1,9,3,dog_bark
70098-3-3-0.wav,70098,13.373615,14.459593,1,9,3,dog_bark
70168-3-1-11.wav,70168,23.130393,27.130393,2,8,3,dog_bark
70168-3-1-13.wav,70168,24.130393,28.130393,2,8,3,dog_bark
70168-3-1-20.wav,70168,27.630393,31.630393,2,8,3,dog_bark
70168-3-1-24.wav,70168,29.630393,33.630393,2,8,3,dog_bark
71312-3-0-1.wav,71312,134.87905,138.87905,2,10,3,dog_bark
71312-3-0-2.wav,71312,135.37905,139.37905,2,10,3,dog_bark
71312-3-0-4.wav,71312,136.37905,140.37905,2,10,3,dog_bark
71312-3-0-5.wav,71312,136.87905,140.87905,2,10,3,dog_bark
71700-3-3-2.wav,71700,105.504191,109.504191,2,8,3,dog_bark
71700-3-4-0.wav,71700,129.865574,133.865574,2,8,3,dog_bark
71700-3-4-1.wav,71700,130.365574,134.365574,2,8,3,dog_bark
71700-3-4-3.wav,71700,131.365574,135.365574,2,8,3,dog_bark
72220-3-0-0.wav,72220,5.444078,8.489071,2,10,3,dog_bark
72220-3-2-2.wav,72220,29.733661,33.733661,2,10,3,dog_bark
72220-3-2-3.wav,72220,30.233661,34.233661,2,10,3,dog_bark
72220-3-2-4.wav,72220,30.733661,34.733661,2,10,3,dog_bark
72221-3-1-0.wav,72221,66.415842,70.415842,2,8,3,dog_bark
72221-3-4-1.wav,72221,141.054455,145.054455,2,8,3,dog_bark
72221-3-4-5.wav,72221,143.054455,147.054455,2,8,3,dog_bark
72221-3-4-7.wav,72221,144.054455,148.054455,2,8,3,dog_bark
72261-3-0-17.wav,72261,9.973879,13.973879,1,1,3,dog_bark
72261-3-0-23.wav,72261,12.973879,16.973879,1,1,3,dog_bark
72261-3-0-27.wav,72261,14.973879,18.973879,1,1,3,dog_bark
72261-3-0-6.wav,72261,4.473879,8.473879,1,1,3,dog_bark
72265-3-15-0.wav,72265,171.627883,174.899768,2,9,3,dog_bark
72265-3-4-0.wav,72265,31.024479,33.127833,2,9,3,dog_bark
72265-3-5-0.wav,72265,37.130049,40.226654,2,9,3,dog_bark
72265-3-7-0.wav,72265,72.974715,76.974715,2,9,3,dog_bark
72537-3-0-2.wav,72537,2.31661,6.31661,1,3,3,dog_bark
72537-3-0-6.wav,72537,4.31661,8.31661,1,3,3,dog_bark
72537-3-0-8.wav,72537,5.31661,9.31661,1,3,3,dog_bark
72538-3-0-0.wav,72538,2.101978,6.101978,1,10,3,dog_bark
72538-3-0-1.wav,72538,2.601978,6.601978,1,10,3,dog_bark
72538-3-0-3.wav,72538,3.601978,7.601978,1,10,3,dog_bark
72538-3-0-4.wav,72538,4.101978,8.101977999999999,1,10,3,dog_bark
72539-3-0-1.wav,72539,7.30482,11.30482,1,2,3,dog_bark
72539-3-0-5.wav,72539,9.30482,13.30482,1,2,3,dog_bark
72539-3-0-6.wav,72539,9.80482,13.80482,1,2,3,dog_bark
72539-3-0-8.wav,72539,10.80482,14.80482,1,2,3,dog_bark
72579-3-0-0.wav,72579,3.486718,7.486718,1,1,3,dog_bark
72579-3-0-2.wav,72579,4.486718,8.486718,1,1,3,dog_bark
72579-3-0-3.wav,72579,4.986718,8.986718,1,1,3,dog_bark
72579-3-0-4.wav,72579,5.486718,9.486718,1,1,3,dog_bark
72723-3-0-0.wav,72723,0.0,1.410612,1,9,3,dog_bark
72724-3-1-0.wav,72724,19.702017,23.702017,1,4,3,dog_bark
72724-3-2-7.wav,72724,33.29511,37.29511,1,4,3,dog_bark
72724-3-2-8.wav,72724,33.79511,37.79511,1,4,3,dog_bark
72724-3-2-9.wav,72724,34.29511,38.29511,1,4,3,dog_bark
72829-3-0-0.wav,72829,0.0,4.0,1,4,3,dog_bark
72829-3-0-1.wav,72829,0.5,4.5,1,4,3,dog_bark
72829-3-0-2.wav,72829,1.0,5.0,1,4,3,dog_bark
73373-3-0-0.wav,73373,0.0,2.927007,1,3,3,dog_bark
7383-3-0-0.wav,7383,3.9021,7.9021,1,1,3,dog_bark
7383-3-0-1.wav,7383,4.4021,8.4021,1,1,3,dog_bark
7383-3-1-0.wav,7383,11.060839,15.060839,1,1,3,dog_bark
74495-3-0-0.wav,74495,0.335018,4.335018,1,2,3,dog_bark
74495-3-0-1.wav,74495,0.835018,4.835018,1,2,3,dog_bark
74513-3-0-0.wav,74513,0.433328,4.433328,1,7,3,dog_bark
74513-3-0-3.wav,74513,1.933328,5.9333279999999995,1,7,3,dog_bark
74513-3-0-5.wav,74513,2.933328,6.9333279999999995,1,7,3,dog_bark
74513-3-0-6.wav,74513,3.433328,7.4333279999999995,1,7,3,dog_bark
74723-3-0-0.wav,74723,0.398746,4.398746,1,4,3,dog_bark
74723-3-0-1.wav,74723,0.898746,4.898746,1,4,3,dog_bark
74723-3-0-2.wav,74723,1.398746,5.398746,1,4,3,dog_bark
74725-3-0-0.wav,74725,0.365119,4.365119,1,4,3,dog_bark
74725-3-0-1.wav,74725,0.865119,4.865119,1,4,3,dog_bark
74950-3-0-0.wav,74950,0.333126,4.333126,1,4,3,dog_bark
74950-3-2-4.wav,74950,13.592781,17.592781000000002,1,4,3,dog_bark
74950-3-2-5.wav,74950,14.092781,18.092781000000002,1,4,3,dog_bark
76566-3-0-11.wav,76566,11.843119999999999,15.843119999999999,2,5,3,dog_bark
76566-3-0-3.wav,76566,7.84312,11.843119999999999,2,5,3,dog_bark
76566-3-0-6.wav,76566,9.343119999999999,13.343119999999999,2,5,3,dog_bark
76566-3-0-8.wav,76566,10.343119999999999,14.343119999999999,2,5,3,dog_bark
76640-3-0-0.wav,76640,0.095334,4.095334,1,9,3,dog_bark
77233-3-0-105.wav,77233,52.5,56.5,2,5,3,dog_bark
77233-3-0-67.wav,77233,33.5,37.5,2,5,3,dog_bark
77233-3-0-7.wav,77233,3.5,7.5,2,5,3,dog_bark
77233-3-0-79.wav,77233,39.5,43.5,2,5,3,dog_bark
77674-3-0-0.wav,77674,0.130222,4.130222,1,7,3,dog_bark
77927-3-0-0.wav,77927,29.236982,33.236982,2,10,3,dog_bark
77927-3-0-1.wav,77927,29.736982,33.736982,2,10,3,dog_bark
77927-3-0-2.wav,77927,30.236982,34.236982,2,10,3,dog_bark
77927-3-1-1.wav,77927,54.166984,58.166984,2,10,3,dog_bark
7913-3-0-0.wav,7913,0.273776,1.271101,1,10,3,dog_bark
7913-3-1-0.wav,7913,2.359684,3.115826,1,10,3,dog_bark
7913-3-2-0.wav,7913,5.540695,6.32943,1,10,3,dog_bark
7913-3-3-0.wav,7913,7.00735,7.704826,1,10,3,dog_bark
79584-3-0-4.wav,79584,2.380235,6.380235,1,9,3,dog_bark
79584-3-0-5.wav,79584,2.880235,6.880235,1,9,3,dog_bark
79584-3-0-8.wav,79584,4.380235,8.380234999999999,1,9,3,dog_bark
79584-3-1-2.wav,79584,38.833412,42.833412,1,9,3,dog_bark
7965-3-11-0.wav,7965,95.717477,97.067061,1,10,3,dog_bark
7965-3-16-0.wav,7965,108.954389,110.833354,2,10,3,dog_bark
7965-3-22-0.wav,7965,172.244126,175.170082,2,10,3,dog_bark
7965-3-3-0.wav,7965,44.110933,45.299666,2,10,3,dog_bark
7975-3-0-0.wav,7975,173.049526,177.049526,2,9,3,dog_bark
81722-3-0-21.wav,81722,10.5,14.5,2,9,3,dog_bark
81722-3-0-22.wav,81722,11.0,15.0,2,9,3,dog_bark
81722-3-0-26.wav,81722,13.0,17.0,2,9,3,dog_bark
81722-3-0-28.wav,81722,14.0,18.0,2,9,3,dog_bark
81791-3-0-0.wav,81791,44.484434,48.484434,2,10,3,dog_bark
81791-3-0-1.wav,81791,44.984434,48.984434,2,10,3,dog_bark
81791-3-1-0.wav,81791,55.805323,57.137192,2,10,3,dog_bark
81799-3-0-0.wav,81799,29.935495,33.935495,2,7,3,dog_bark
81799-3-0-1.wav,81799,30.435495,34.435495,2,7,3,dog_bark
81799-3-1-0.wav,81799,40.598534,44.598534,2,7,3,dog_bark
81799-3-1-2.wav,81799,41.598534,45.598534,2,7,3,dog_bark
82024-3-0-4.wav,82024,24.651009,28.651009,2,7,3,dog_bark
82024-3-0-5.wav,82024,25.151009,29.151009,2,7,3,dog_bark
82024-3-0-6.wav,82024,25.651009,29.651009,2,7,3,dog_bark
82024-3-0-8.wav,82024,26.651009,30.651009,2,7,3,dog_bark
82811-3-0-1.wav,82811,1.718396,5.718396,1,3,3,dog_bark
82811-3-0-2.wav,82811,2.2183960000000003,6.218396,1,3,3,dog_bark
82811-3-3-0.wav,82811,39.617524,42.093619,1,3,3,dog_bark
82811-3-4-0.wav,82811,44.333896,48.333896,1,3,3,dog_bark
84317-3-0-0.wav,84317,0.0,2.5,1,4,3,dog_bark
85362-3-0-0.wav,85362,0.380052,2.660361,1,7,3,dog_bark
85362-3-1-0.wav,85362,4.27558,8.27558,1,7,3,dog_bark
85362-3-2-0.wav,85362,10.057793,11.035068,1,7,3,dog_bark
85362-3-3-0.wav,85362,12.148076,16.148076,1,7,3,dog_bark
85544-3-5-0.wav,85544,16.502772,17.868519,1,4,3,dog_bark
85544-3-6-0.wav,85544,20.230123,24.230123,1,4,3,dog_bark
85544-3-7-0.wav,85544,29.3351,31.241455,1,4,3,dog_bark
85574-3-0-0.wav,85574,0.0,4.0,2,10,3,dog_bark
85574-3-0-12.wav,85574,6.0,10.0,2,10,3,dog_bark
85574-3-0-2.wav,85574,1.0,5.0,2,10,3,dog_bark
85574-3-0-8.wav,85574,4.0,8.0,2,10,3,dog_bark
85661-3-0-0.wav,85661,0.0,1.149388,1,9,3,dog_bark
85662-3-0-0.wav,85662,0.0,1.227755,1,7,3,dog_bark
85663-3-0-0.wav,85663,0.0,2.089796,1,5,3,dog_bark
85664-3-0-0.wav,85664,0.0,0.653061,1,9,3,dog_bark
85665-3-0-0.wav,85665,0.0,1.358367,1,10,3,dog_bark
86279-3-0-0.wav,86279,0.601813,4.083229,1,1,3,dog_bark
86284-3-0-0.wav,86284,17.911702,21.911702,2,5,3,dog_bark
86284-3-1-0.wav,86284,25.548308,27.350204,2,5,3,dog_bark
89207-3-0-0.wav,89207,0.028387,0.389303,1,8,3,dog_bark
89209-3-0-0.wav,89209,0.0,2.063492,1,7,3,dog_bark
89210-3-0-0.wav,89210,0.056222,2.144197,1,7,3,dog_bark
89211-3-0-0.wav,89211,0.0,1.892105,1,2,3,dog_bark
89212-3-0-0.wav,89212,0.0,1.324626,1,1,3,dog_bark
89213-3-0-0.wav,89213,0.0,1.612336,1,5,3,dog_bark
9031-3-1-0.wav,9031,5.55171,5.967569,1,1,3,dog_bark
9031-3-2-0.wav,9031,6.7577,9.055317,1,1,3,dog_bark
9031-3-3-0.wav,9031,9.855845,11.581657,1,1,3,dog_bark
9031-3-4-0.wav,9031,12.423771,13.317866,1,1,3,dog_bark
9032-3-0-0.wav,9032,0.0,0.350864,1,6,3,dog_bark
9032-3-1-0.wav,9032,0.781671,1.403455,1,6,3,dog_bark
9032-3-2-0.wav,9032,1.798732,2.726967,1,6,3,dog_bark
95404-3-0-0.wav,95404,35.401208,39.401208,2,4,3,dog_bark
95404-3-0-1.wav,95404,35.901208,39.901208,2,4,3,dog_bark
95404-3-0-4.wav,95404,37.401208,41.401208,2,4,3,dog_bark
95404-3-0-5.wav,95404,37.901208,41.901208,2,4,3,dog_bark
95532-3-0-0.wav,95532,2.56279,6.56279,1,6,3,dog_bark
95536-3-0-1.wav,95536,0.5,4.5,2,6,3,dog_bark
95536-3-0-2.wav,95536,1.0,5.0,2,6,3,dog_bark
95536-3-0-4.wav,95536,2.0,6.0,2,6,3,dog_bark
95536-3-0-5.wav,95536,2.5,6.5,2,6,3,dog_bark
95549-3-0-14.wav,95549,18.181689,22.181689,2,8,3,dog_bark
95549-3-0-20.wav,95549,21.181689,25.181689,2,8,3,dog_bark
95549-3-0-6.wav,95549,14.181689,18.181689,2,8,3,dog_bark
95549-3-0-7.wav,95549,14.681689,18.681689,2,8,3,dog_bark
97193-3-0-0.wav,97193,0.0,4.0,1,2,3,dog_bark
97193-3-0-1.wav,97193,0.5,4.5,1,2,3,dog_bark
97193-3-0-4.wav,97193,2.0,6.0,1,2,3,dog_bark
97193-3-0-6.wav,97193,3.0,7.0,1,2,3,dog_bark
97392-3-0-0.wav,97392,0.0,2.773946,1,6,3,dog_bark
97756-3-0-0.wav,97756,0.141727,1.290466,1,10,3,dog_bark
99185-3-0-0.wav,99185,0.341411,0.950911,1,5,3,dog_bark
